{"SSF Harbinger": {"Chaos Orb": 106.0, "Mirror of Kalandra": 0, "Jeweller's Orb": 0.126198922577248, "Blacksmith's Whetstone": 0.031310963397132, "Apprentice Cartographer's Sextant": 1.2126350232781211, "Exalted Orb": 97.06084656084656, "Eternal Orb": 0, "Scroll of Wisdom": 0.011754345652734779, "Cartographer's Chisel": 0.45169460711717685, "Armourer's Scrap": 0.015497019320548734, "Orb of Alteration": 0.09258306985197148, "Orb of Scouring": 0.767452747552216, "Scroll of Portal": 0, "Silver Coin": 0.33718466041220807, "Gemcutter's Prism": 1.6093848538292983, "Journeyman Cartographer's Sextant": 3.1077097505668934, "Orb of Regret": 1.4681240012783638, "Vaal Orb": 1.1736103553466897, "Chromatic Orb": 0.2405998296460239, "Glassblower's Bauble": 0.20697597239895976, "Regal Orb": 1.298938383834762, "Orb of Augmentation": 0.044137931034482755, "Orb of Alchemy": 0.46381350429916846, "Orb of transmutation": 0, "Orb of Fusing": 0.7466453639716616, "Blessed Orb": 0.5832821243861254, "Divine Orb": 17.704611650485436, "Master Cartographer's Sextant": 4.951044504995458, "Orb of Chance": 0.1525021997369822}, "SSF Harbinger HC": {"Chaos Orb": 106.0, "Mirror of Kalandra": 0, "Jeweller's Orb": 0.126198922577248, "Blacksmith's Whetstone": 0.031310963397132, "Apprentice Cartographer's Sextant": 1.2126350232781211, "Exalted Orb": 97.06084656084656, "Eternal Orb": 0, "Scroll of Wisdom": 0.011754345652734779, "Cartographer's Chisel": 0.45169460711717685, "Armourer's Scrap": 0.015497019320548734, "Orb of Alteration": 0.09258306985197148, "Orb of Scouring": 0.767452747552216, "Scroll of Portal": 0, "Silver Coin": 0.33718466041220807, "Gemcutter's Prism": 1.6093848538292983, "Journeyman Cartographer's Sextant": 3.1077097505668934, "Orb of Regret": 1.4681240012783638, "Vaal Orb": 1.1736103553466897, "Chromatic Orb": 0.2405998296460239, "Glassblower's Bauble": 0.20697597239895976, "Regal Orb": 1.298938383834762, "Orb of Augmentation": 0.044137931034482755, "Orb of Alchemy": 0.46381350429916846, "Orb of transmutation": 0, "Orb of Fusing": 0.7466453639716616, "Blessed Orb": 0.5832821243861254, "Divine Orb": 17.704611650485436, "Master Cartographer's Sextant": 4.951044504995458, "Orb of Chance": 0.1525021997369822}, "Hardcore": {"Chaos Orb": 106.0, "Mirror of Kalandra": 0, "Jeweller's Orb": 0.126198922577248, "Blacksmith's Whetstone": 0.031310963397132, "Apprentice Cartographer's Sextant": 1.2126350232781211, "Exalted Orb": 97.06084656084656, "Eternal Orb": 0, "Scroll of Wisdom": 0.011754345652734779, "Cartographer's Chisel": 0.45169460711717685, "Armourer's Scrap": 0.015497019320548734, "Orb of Alteration": 0.09258306985197148, "Orb of Scouring": 0.767452747552216, "Scroll of Portal": 0, "Silver Coin": 0.33718466041220807, "Gemcutter's Prism": 1.6093848538292983, "Journeyman Cartographer's Sextant": 3.1077097505668934, "Orb of Regret": 1.4681240012783638, "Vaal Orb": 1.1736103553466897, "Chromatic Orb": 0.2405998296460239, "Glassblower's Bauble": 0.20697597239895976, "Regal Orb": 1.298938383834762, "Orb of Augmentation": 0.044137931034482755, "Orb of Alchemy": 0.46381350429916846, "Orb of transmutation": 0, "Orb of Fusing": 0.7466453639716616, "Blessed Orb": 0.5832821243861254, "Divine Orb": 17.704611650485436, "Master Cartographer's Sextant": 4.951044504995458, "Orb of Chance": 0.1525021997369822}, "Harbinger": {"Chaos Orb": 106.0, "Mirror of Kalandra": 0, "Jeweller's Orb": 0.126198922577248, "Blacksmith's Whetstone": 0.031310963397132, "Apprentice Cartographer's Sextant": 1.2126350232781211, "Exalted Orb": 97.06084656084656, "Eternal Orb": 0, "Scroll of Wisdom": 0.011754345652734779, "Cartographer's Chisel": 0.45169460711717685, "Armourer's Scrap": 0.015497019320548734, "Orb of Alteration": 0.09258306985197148, "Orb of Scouring": 0.767452747552216, "Scroll of Portal": 0, "Silver Coin": 0.33718466041220807, "Gemcutter's Prism": 1.6093848538292983, "Journeyman Cartographer's Sextant": 3.1077097505668934, "Orb of Regret": 1.4681240012783638, "Vaal Orb": 1.1736103553466897, "Chromatic Orb": 0.2405998296460239, "Glassblower's Bauble": 0.20697597239895976, "Regal Orb": 1.298938383834762, "Orb of Augmentation": 0.044137931034482755, "Orb of Alchemy": 0.46381350429916846, "Orb of transmutation": 0, "Orb of Fusing": 0.7466453639716616, "Blessed Orb": 0.5832821243861254, "Divine Orb": 17.704611650485436, "Master Cartographer's Sextant": 4.951044504995458, "Orb of Chance": 0.1525021997369822}, "Standard": {"Chaos Orb": 106.0, "Mirror of Kalandra": 0, "Jeweller's Orb": 0.126198922577248, "Blacksmith's Whetstone": 0.031310963397132, "Apprentice Cartographer's Sextant": 1.2126350232781211, "Exalted Orb": 97.06084656084656, "Eternal Orb": 0, "Scroll of Wisdom": 0.011754345652734779, "Cartographer's Chisel": 0.45169460711717685, "Armourer's Scrap": 0.015497019320548734, "Orb of Alteration": 0.09258306985197148, "Orb of Scouring": 0.767452747552216, "Scroll of Portal": 0, "Silver Coin": 0.33718466041220807, "Gemcutter's Prism": 1.6093848538292983, "Journeyman Cartographer's Sextant": 3.1077097505668934, "Orb of Regret": 1.4681240012783638, "Vaal Orb": 1.1736103553466897, "Chromatic Orb": 0.2405998296460239, "Glassblower's Bauble": 0.20697597239895976, "Regal Orb": 1.298938383834762, "Orb of Augmentation": 0.044137931034482755, "Orb of Alchemy": 0.46381350429916846, "Orb of transmutation": 0, "Orb of Fusing": 0.7466453639716616, "Blessed Orb": 0.5832821243861254, "Divine Orb": 17.704611650485436, "Master Cartographer's Sextant": 4.951044504995458, "Orb of Chance": 0.1525021997369822}, "Hardcore Harbinger": {"Chaos Orb": 106.0, "Mirror of Kalandra": 0, "Jeweller's Orb": 0.126198922577248, "Blacksmith's Whetstone": 0.031310963397132, "Apprentice Cartographer's Sextant": 1.2126350232781211, "Exalted Orb": 97.06084656084656, "Eternal Orb": 0, "Scroll of Wisdom": 0.011754345652734779, "Cartographer's Chisel": 0.45169460711717685, "Armourer's Scrap": 0.015497019320548734, "Orb of Alteration": 0.09258306985197148, "Orb of Scouring": 0.767452747552216, "Scroll of Portal": 0, "Silver Coin": 0.33718466041220807, "Gemcutter's Prism": 1.6093848538292983, "Journeyman Cartographer's Sextant": 3.1077097505668934, "Orb of Regret": 1.4681240012783638, "Vaal Orb": 1.1736103553466897, "Chromatic Orb": 0.2405998296460239, "Glassblower's Bauble": 0.20697597239895976, "Regal Orb": 1.298938383834762, "Orb of Augmentation": 0.044137931034482755, "Orb of Alchemy": 0.46381350429916846, "Orb of transmutation": 0, "Orb of Fusing": 0.7466453639716616, "Blessed Orb": 0.5832821243861254, "Divine Orb": 17.704611650485436, "Master Cartographer's Sextant": 4.951044504995458, "Orb of Chance": 0.1525021997369822}}